,quantity,quality,guesses
blue,2,"[0.26063722372055054, 1.0]","['bay', 'forest']"
blue,3,"[-0.011803071945905685, 0.03920525684952736, 1.0]","['hay', 'coat', 'computer']"
emblem,5,"[0.8220816850662231, 0.3206877112388611, 0.5328792929649353, 0.502460777759552, 1.0]","['dog', 'wiener', 'mouse', 'animal', 'cat']"
