,quantity,quality
emem,3,"[('dog', 0.28365185856819153), ('doghouse', 0.8307508230209351), ('house', 1.0)]"
emem,4,"[('wild', 0.03305898979306221), ('gross', 0.009299641475081444), ('apple', 0.2208266407251358), ('phone', 1.0)]"
